month,commits
2016-08,73
2016-09,63
2016-10,4
2016-11,41
2016-12,16
2017-01,12
2017-02,49
2017-03,14
2017-04,6
2017-05,14
2017-06,14
2017-07,21
2017-08,12
2017-09,5
2017-10,13
2017-11,14
2017-12,9
2018-01,21
2018-02,8
2018-03,5
2018-04,14
2018-05,21
2018-06,24
2018-07,18
2018-08,12
2018-09,10
2018-10,20
2018-11,5
2018-12,6
2019-01,4
2019-03,9
2019-05,6
2019-06,4
2019-08,7
2019-09,2
2019-10,59
2019-11,18
2019-12,18
2020-01,12
2020-02,9
2020-03,4
2020-04,21
2020-05,15
2020-06,12
2020-07,29
2020-08,8
2020-09,13
2020-10,26
2020-11,9
2020-12,5
2021-01,6
2021-02,2
2021-04,1
2021-05,9
2021-06,1
2021-07,3
2021-08,6
2021-09,7
2021-10,18
2021-11,10
2021-12,17
2022-01,11
2022-02,7
2022-03,15
2022-04,1
2022-06,15
2022-07,4
2022-08,19
2022-12,23
2023-01,2
2023-02,1
2023-04,28
2023-05,2
2023-06,20
2023-07,8
2023-09,1
2023-10,17
2023-11,179
2023-12,41
2024-01,6
2024-02,1
2024-05,12
2024-06,25
2024-07,11
2024-08,24
2024-09,109
2024-10,199
2024-11,40
2024-12,15
2025-01,5
2025-02,8
2025-03,11
2025-04,16
2025-05,1
2025-06,30
2025-07,6
2025-08,7
2025-09,7
2025-10,47
2025-11,5
2025-12,15
2026-02,2
2026-03,6
2026-04,5
2026-05,6
